mean_fit_time,std_fit_time,mean_score_time,std_score_time,param_model__alpha,split0_test_RMSE,split1_test_RMSE,split2_test_RMSE,split3_test_RMSE,split4_test_RMSE,mean_test_RMSE,std_test_RMSE,rank_test_RMSE,split0_test_MAE,split1_test_MAE,split2_test_MAE,split3_test_MAE,split4_test_MAE,mean_test_MAE,std_test_MAE,rank_test_MAE,split0_test_R2,split1_test_R2,split2_test_R2,split3_test_R2,split4_test_R2,mean_test_R2,std_test_R2,rank_test_R2
4.1541585445404055,0.05944509539192708,0.3272105693817139,0.09551537425546644,0.01,-0.40845810004528443,-0.4172797932590318,-0.41869477600571275,-0.41257065208215493,-0.4268383941727373,-0.4167683431129842,0.006197731893566699,1,-0.29975991123455564,-0.30249460828683344,-0.3046462682554671,-0.30141039645565704,-0.3085711146140779,-0.30337645976931826,0.0030436603898089227,1,0.6746481803857942,0.666002470958231,0.6604673614699461,0.6593877000159674,0.6597264292684772,0.6640464284196832,0.005820637600817567,1
1.9670196533203126,0.08144087197503927,0.3097026824951172,0.023230119323979486,0.03162277660168379,-0.4085437494859417,-0.4173077055910287,-0.41878519526960944,-0.4125336547503917,-0.4269303803595754,-0.4168201370913094,0.006215926612868339,2,-0.29987612222555526,-0.3025640944173068,-0.30474523206609533,-0.3013953831949858,-0.3086908529478163,-0.3034543369703519,0.0030634279146955867,2,0.6745117202544326,0.6659577864953414,0.6603206980389876,0.6594487861895468,0.6595797515497044,0.6639637485056026,0.005798483012748593,2
1.7734004020690919,0.019925802969732006,0.29740219116210936,0.03556041147784565,0.1,-0.40872459950108586,-0.41742257204118616,-0.41897799931456675,-0.4125627654161323,-0.42711559665562865,-0.41696070658572,0.0062382678433272705,3,-0.30007853548294494,-0.30271660845177223,-0.3049433332692786,-0.30143112945495776,-0.3088914739870471,-0.3036122161292001,0.0030883195259685608,3,0.6742234887532559,0.665773866938747,0.6600078568978236,0.6594007221238857,0.659284316709315,0.6637380502846055,0.0057732394782369426,3
1.9572065830230714,0.11618180115370788,0.3357292652130127,0.042001662355789844,0.31622776601683794,-0.4089027476032465,-0.41755996318547317,-0.41916482593632803,-0.4126350721881289,-0.4272928704864357,-0.41711109587992246,0.006252992766046038,4,-0.30026280510612,-0.3028678989221776,-0.3051320285383778,-0.3014993092962807,-0.3090815617332595,-0.3037687207192431,0.0031092777377715675,4,0.6739394387339297,0.6655538152645336,0.6597045772714728,0.6592813231158203,0.6590014307209056,0.6634961170213324,0.005755685132681101,4
1.7825579643249512,0.05167610504533976,0.2584282875061035,0.00878118299594971,1.0,-0.4089997361357292,-0.4176427358949333,-0.41925586171353274,-0.412679486199296,-0.4273854900550862,-0.4171926619997155,0.006258528474887233,5,-0.30036123346023613,-0.302953658693767,-0.3052206076861466,-0.30153873611602866,-0.309182146045692,-0.3038512764003741,0.0031185637458134192,5,0.6737847423616415,0.665421207911743,0.6595567479668947,0.6592079726008311,0.6588535856921514,0.6633648513066523,0.0057434404523927386,5
1.7607306480407714,0.0360045476516581,0.27595934867858884,0.016903601622385484,3.1622776601683795,-0.40904541820271284,-0.41768998518542244,-0.4192745258200184,-0.41269115254852473,-0.4274204813298452,-0.4172243126173047,0.006258209577604323,6,-0.30040512388633495,-0.303001834153183,-0.30523281885776676,-0.3015529142685284,-0.3092289673388461,-0.3038843317009318,0.003120985225766411,6,0.6737118669137495,0.6653454996404381,0.6595264361162025,0.6591887041121547,0.6587977221363772,0.6633140457837844,0.005727182539647845,6
1.7825109958648682,0.04098556256965774,0.30200753211975095,0.04282462774545641,10.0,-0.40908647703135687,-0.41773838187237244,-0.4192575400879106,-0.41268022854313247,-0.4274297629099824,-0.417238478088951,0.006251744742336781,7,-0.30043435885787706,-0.30304663411860283,-0.30520423315526257,-0.3015556099633566,-0.3092529332063605,-0.3038987538602919,0.003117369941734309,7,0.6736463598559717,0.6652679439988405,0.6595540222214623,0.6592067465399434,0.6587829033300334,0.6632915951892502,0.00569404686280333,7
1.9956028461456299,0.14344435577195533,0.35389342308044436,0.08422171675972938,31.622776601683793,-0.4091853635885299,-0.4178297733539452,-0.41922305675721055,-0.4126439449822907,-0.4274293976490507,-0.4172623072662055,0.00623061108620952,8,-0.30048971795655327,-0.30311960367617463,-0.30514253795199897,-0.30154630867434595,-0.3092572383197103,-0.3039110813157566,0.0030991028990044922,8,0.6734885649143879,0.665121464737041,0.6596100223041206,0.6592666701723668,0.658783486505246,0.6632540417266324,0.005610643582181704,8
1.804537010192871,0.04798072076804529,0.2759400844573975,0.02804709848890884,100.0,-0.40957930992077224,-0.41815451186005126,-0.41927950862163005,-0.41267194756228776,-0.4275437907895423,-0.41744581375085676,0.006172609027923172,9,-0.300740171186311,-0.3033408905888647,-0.30511021255673404,-0.3016011316439664,-0.30933254811657207,-0.30402499081848966,0.0030489669441181445,9,0.6728595595172033,0.6646007253267907,0.6595183434599625,0.6592204233477674,0.6586008221776701,0.6629599747658788,0.00539490727990089,9
1.759189987182617,0.03257014804091478,0.26897478103637695,0.014449778748497765,316.22776601683796,-0.41134010399938287,-0.4196566686963742,-0.4203000361406842,-0.41359168458965506,-0.4286043238300305,-0.41869856345122536,0.0060304876474350485,10,-0.302049487277557,-0.30449752922313666,-0.30566847881859294,-0.30230664813110814,-0.31009047644375765,-0.30492252397883046,0.002916914403359846,10,0.6700407397413903,0.6621866546817999,0.6578588596757122,0.6576997148507171,0.6569050231898108,0.660938198427886,0.004912260312997362,10
1.8095261096954345,0.03278696904496234,0.2812297821044922,0.035644118840563704,1000.0,-0.4174657441689557,-0.4251072136280032,-0.4252369036053459,-0.41837290947850503,-0.4333443694421958,-0.4239054280646012,0.005733916995684633,11,-0.30653371298122467,-0.3087845080792428,-0.30903795990541033,-0.30592365785631304,-0.3134788211324753,-0.3087517319909332,0.0026587961216088868,11,0.6601401172083167,0.6533545581662619,0.6497740370205488,0.6497398136024068,0.6492743087734887,0.6524565669542046,0.0041120995968627685,11
