,RMSE increase,std
room type,0.1272554186530152,0.001208939497276999
neighbourhood,0.04143688735586613,0.0007308394939794088
amenity flags (all),0.03564031907641911,0.0010660049549644677
bedrooms,0.028507551998269265,0.0009319145260976231
dist_centre_km,0.02446528836038553,0.000592759800449693
longitude,0.024023453737136068,0.000957200965906624
accommodates,0.019892663919243415,0.0007178787514101971
latitude,0.017732996880621354,0.0008261801303847933
bathrooms,0.014087825227623873,0.00035963311657612597
property type,0.006889718729889272,0.00034885964198839737
city,0.006305327559502805,0.00014060314742663012
cleaning_fee,0.005920786018179547,0.0003373362237795949
cancellation_ordinal,0.004134496421440592,0.000430256954100591
guests_per_bathroom,0.0028511994992378663,0.0002913190547315991
beds_per_guest,0.002279829158979596,0.0002940283462081529
guests_per_bedroom,0.00191297448852501,0.00010267343565586159
amenity_count,0.0019038520096261724,0.00010850964542347754
beds,0.0017286452024967923,9.953868941058054e-05
instant_bookable,0.0011584503966314385,0.00013916119730997105
is_real_bed,0.00040756126341845444,6.654337713947039e-05
is_studio,0.0002909373940066295,5.3383733036196014e-05
