mean_fit_time,std_fit_time,mean_score_time,std_score_time,param_model__colsample_bytree,param_model__learning_rate,param_model__max_depth,param_model__min_child_weight,param_model__n_estimators,param_model__reg_alpha,param_model__reg_lambda,param_model__subsample,split0_test_RMSE,split1_test_RMSE,split2_test_RMSE,split3_test_RMSE,split4_test_RMSE,mean_test_RMSE,std_test_RMSE,rank_test_RMSE,split0_test_MAE,split1_test_MAE,split2_test_MAE,split3_test_MAE,split4_test_MAE,mean_test_MAE,std_test_MAE,rank_test_MAE,split0_test_R2,split1_test_R2,split2_test_R2,split3_test_R2,split4_test_R2,mean_test_R2,std_test_R2,rank_test_R2
7.930164051055908,0.5400297254602507,0.3663763999938965,0.043135339906826956,0.6247240713084175,0.13125830316209655,6,8,1344,0.0029380279387035343,0.22853255256339208,0.6232334448672797,-0.3965307064617433,-0.40038588721154056,-0.40176146980325106,-0.3936741801546843,-0.4089933899953803,-0.4002691267253199,0.005211959263374475,19,-0.2889258745083945,-0.28817245291588023,-0.29006113380656656,-0.28442893454801477,-0.2924036179137369,-0.2887984027385186,0.0026112211974568217,19,0.6933719636852882,0.6924993296133004,0.6873754985215528,0.6898744644090353,0.6875835867758339,0.690140968601002,0.0024600913374659785,19
7.0407496929168705,0.6494882166292567,0.37412538528442385,0.041527218408641514,0.9197056874649611,0.05092911283433821,6,22,1069,0.146553541187277,14.442352339645906,0.6003115063364057,-0.3796128668053043,-0.3862696975629405,-0.38679514708760043,-0.38021678883666143,-0.39514126602594096,-0.3856071532636895,0.005616708987277092,6,-0.27517555285653184,-0.2763508186123277,-0.2786155468570653,-0.2745901734324709,-0.2810397030903431,-0.27715435896974777,0.002381905421580447,9,0.7189781667023147,0.7137998718605045,0.7102332985892807,0.71071478155103,0.7083875660671206,0.7124227369540501,0.0037111592753090268,6
6.319870567321777,3.029103323372316,0.3888209819793701,0.023371132533287212,0.9953269355747305,0.053237126490680874,5,22,552,0.01976218934028007,0.4678719265016201,0.8447411578889518,-0.38182402148182504,-0.3873564776132753,-0.38906888034267484,-0.3811442566389875,-0.39888507508317705,-0.38765574223198795,0.006396762406880797,12,-0.2766784267816309,-0.27722821487119187,-0.28052439538605345,-0.2757768419534359,-0.28400645821373216,-0.27884286744120884,0.003039165164243342,12,0.71569486153147,0.7121871430004243,0.7068165614058572,0.7093017457731934,0.7028355608649522,0.7093671745151794,0.004408258845926916,12
16.0022433757782,0.40149536124828,0.510163688659668,0.027141930699646287,0.4836963163912251,0.022059149678071027,10,15,1257,0.00397211072738191,1.524996572521356,0.836965827544817,-0.3772609949433752,-0.3835409633707553,-0.3845838800796051,-0.3774593353425907,-0.3943205529440753,-0.38343314533608036,0.006223396273895302,1,-0.27283929278881636,-0.27272635622085484,-0.2757584989694414,-0.27161975201171384,-0.27921958005317654,-0.27443269600880055,0.002758086132406825,1,0.7224494925153752,0.7178292098533374,0.7135369594402139,0.7148955437191368,0.7095976730043343,0.7156617757064796,0.004304559616609097,1
5.810972118377686,0.15166241747955633,0.4526684761047363,0.05160147334900255,0.42787024763199866,0.05182367293641893,8,9,466,0.0010959604536925846,14.724294724810287,0.8253152871382157,-0.37832338739823884,-0.38535698163213683,-0.3858460195995494,-0.3778525559114683,-0.3957421402618021,-0.38462421696063914,0.00649913549361852,3,-0.2739854339749283,-0.2747770828871749,-0.27744150248030763,-0.2726672539464496,-0.28083380642928507,-0.2759410159436291,0.0029012899611610852,3,0.7208840895055368,0.7151507973955235,0.7116536272116273,0.7143012156892244,0.7075000069076705,0.7138979473419165,0.0043933826510892315,3
4.4864294052124025,0.2309027805960852,0.44602603912353517,0.03456545975404496,0.6312499015239497,0.010441857682164048,5,20,391,0.020914981329035603,0.19090338932926945,0.798070764044508,-0.398623039470438,-0.40708316612557993,-0.40764589843921234,-0.3986127076713405,-0.41748584439981096,-0.4058901312212764,0.0069962580136180025,20,-0.29102143403243713,-0.29371652421851724,-0.2956027035670377,-0.2903711475127671,-0.29992307443233124,-0.29412697675261806,0.003455188506930169,20,0.6901275208247389,0.6821261280357932,0.6781506785866981,0.6820447916645156,0.6744746812422359,0.6813847600707963,0.005208255105649435,20
12.899408006668091,2.2018444303206492,0.6005257606506348,0.16702431835107112,0.42063311266913106,0.1173393765991262,7,18,1325,0.018856783874794992,0.3009400602664795,0.8270801311279966,-0.3902697660887637,-0.3975295523150641,-0.3955441864575769,-0.38994341039800046,-0.4075439286232082,-0.39616616877652266,0.006406081209300682,17,-0.284141633737077,-0.2849742758960986,-0.2854005261744502,-0.2822818381646107,-0.2894693391322699,-0.2852535226209013,0.0023638909887441213,17,0.7029784019037113,0.696871071766735,0.6969763985869202,0.6957246047926511,0.6897940533296367,0.6964689060759308,0.004192862158680238,17
5.763182592391968,2.4294491769433817,0.37195558547973634,0.11689817204143073,0.4187879754733352,0.09785967318341286,7,2,501,0.4835952776465949,2.375668206925437,0.9687496940092467,-0.3803770123937682,-0.3864427158956568,-0.38594226473956783,-0.37921444521647824,-0.39727165510002516,-0.3858496186690992,0.0063999720317370395,8,-0.275861193970545,-0.2758321674331616,-0.27716071076172283,-0.27432460662261304,-0.281605379344414,-0.2769568116264913,0.002491764935844246,7,0.7178456564735357,0.7135434243091973,0.7115097594673765,0.7122380230016744,0.7052346548731815,0.712074303624993,0.004064311466300177,8
5.872012424468994,0.6554740076296595,0.3690309524536133,0.024672856684504533,0.4530955012311517,0.017001754132211097,4,8,1019,0.17456626922659324,1.7452103706462812,0.8347004662655393,-0.3872447253437807,-0.3944730226188005,-0.39623153187481985,-0.38762347420746984,-0.4050910387667759,-0.3941327585623294,0.006548592497884746,16,-0.2815026320781417,-0.28332601310843614,-0.28626200617518743,-0.2818154321217836,-0.28945658370046984,-0.2844725334368038,0.00300792220823588,16,0.7075650765535826,0.7015145536763467,0.6959223426367592,0.6993343575772997,0.6935168971477466,0.699570645518347,0.0048518763740497215,16
12.507568550109863,0.3553851725072797,0.41336283683776853,0.060397180140925724,0.9791531843584828,0.051752063695169964,8,9,1480,0.2550298070162892,0.14843737558790304,0.9947547746402069,-0.3854726444634323,-0.3895668869135748,-0.3916265808196368,-0.38410069927076423,-0.40041357656987964,-0.3902360776074576,0.005767078344359932,14,-0.2790042995990803,-0.27820870046640866,-0.28174145877770507,-0.27618194195414897,-0.28419437892629124,-0.27986615594472686,0.0028040564418365843,14,0.7102353911448248,0.7088930229217079,0.7029491730728448,0.7047745049647158,0.7005537680430378,0.7054811720294263,0.003617541513512642,14
12.438804578781127,0.3209218103832797,0.5180626392364502,0.05455906707625684,0.8633468615779945,0.017128044242493735,10,11,892,0.13615257464006505,6.579874656712324,0.8423839899124046,-0.3781233221913839,-0.38396157808305975,-0.3855932642948795,-0.37789533966885136,-0.3939959699173436,-0.3839138948311036,0.005902957415904417,2,-0.2731424613374176,-0.2731941139457732,-0.2766295262504213,-0.27232293853888556,-0.2792656551030373,-0.27491093903510694,0.0026340023679551007,2,0.7211792159459951,0.7172099786586945,0.7120312763285326,0.7142365134169029,0.7100755627357825,0.7149465094171815,0.00391659861451714,2
8.702156782150269,6.6145537389769835,0.5076081275939941,0.0912093893340892,0.9557805271080094,0.05830771182076015,7,7,500,0.07411299781083242,0.5773062784917183,0.6254233401144095,-0.38099997202546154,-0.3870884730550264,-0.3886303799287272,-0.38177693790740175,-0.3974174431155593,-0.3871826412064352,0.005904286773630101,11,-0.2756751267591081,-0.2764097867842307,-0.2792840141159376,-0.27470909358468465,-0.2821636955009552,-0.27764834334898325,0.0027250915274818345,10,0.7169207073108554,0.7125852696764077,0.7074770542812945,0.7083358543257136,0.7050182732653973,0.7100674317719337,0.004207358100898616,11
17.357570075988768,14.483847322498807,0.9256231307983398,0.6359833220259286,0.5865893930293973,0.02412377463500467,6,12,1025,0.45881565491609727,1.2206206339370174,0.6478376983753207,-0.379523394770191,-0.38552788426872137,-0.3870556256164993,-0.37934443965447434,-0.39586130933726915,-0.38546253072943104,0.00605609103767332,4,-0.2753454049039852,-0.27518665757417626,-0.27882400934542373,-0.27380953204286645,-0.2817878788582095,-0.27699069654493225,0.0029139438138799474,8,0.719110620759867,0.7148980848355233,0.7098428933881733,0.7120406999905231,0.7073238204548866,0.7126432238857948,0.004084423068939096,4
13.789423418045043,10.259962969268255,0.7141204357147217,0.4628715746479061,0.827946872333797,0.07847885275945195,5,23,1066,0.005864148617634941,0.12389075579371991,0.8842651558743149,-0.3812318417129547,-0.3861298028567436,-0.38773831412139653,-0.38006844318961003,-0.39799244800937156,-0.38663216997801525,0.006368326299168853,10,-0.2764957524068671,-0.2763586493712233,-0.2794872228596905,-0.274765575440045,-0.2833376468927658,-0.2780889693941183,0.0030358202635486073,11,0.7165760485977221,0.7140071396470418,0.708818432814657,0.7109404729589599,0.704164064955623,0.7109012317948007,0.004279701340348397,10
28.620290803909302,11.69515194495369,1.4883629322052,0.5371877299470496,0.46653449248709883,0.03286244101735959,6,7,863,0.04895834359555105,3.984771085017744,0.6557325817623503,-0.3800645951418754,-0.3860293786320701,-0.3868622961402124,-0.3785462335262245,-0.3963477710707406,-0.3855700549022246,0.006287832462937072,5,-0.27534201583305645,-0.27533588266281384,-0.2783582197613685,-0.27360244474195156,-0.281949030668926,-0.2769175187336233,0.0029450035459020517,6,0.7183089530525395,0.7141558817344837,0.7101326807372912,0.7132512571043583,0.7066040570484889,0.7124905659354324,0.003934873972397274,5
46.958297157287596,1.997304019059653,1.942676305770874,0.07683893100015175,0.7626504275666903,0.043142210028030495,8,4,824,0.0017019223026554016,0.464223139602067,0.6644885149016018,-0.3810854581948654,-0.3854487759834922,-0.3864822827894363,-0.3809000255696513,-0.396271133687716,-0.38603753524503226,0.005589061597581904,9,-0.275234460301553,-0.2751142407425836,-0.2773836760970051,-0.2736341328308939,-0.28171659804240784,-0.2766166216028887,0.0028164122449666567,4,0.7167936622662856,0.7150150756451195,0.7107018721561266,0.7096741758817877,0.7067175075333996,0.7117804586965437,0.003655905018924162,9
31.41892013549805,1.0845872095588813,1.708635139465332,0.20725183481978537,0.9578185914055438,0.08921200800254407,4,21,945,0.023420907100434138,0.31815444725000264,0.7666039791481465,-0.38261556355263776,-0.38851974447711574,-0.3891870860538681,-0.38126351577607537,-0.3978266334605516,-0.3878825086640497,0.005874442735673977,13,-0.27784194635906245,-0.278256432310436,-0.28077696485555903,-0.27585505122313037,-0.283624974733203,-0.27927107389627814,0.0026819871009319475,13,0.7145148795243546,0.7104558907759777,0.7066383861615574,0.709119799719006,0.704410520302905,0.7090278952967601,0.003440480174814571,13
36.87225842475891,7.270924279376576,1.6271423816680908,0.09906385236539693,0.9299681553513209,0.024069071892146448,10,28,489,0.0021387290754148925,0.33456895978755496,0.7708431154505025,-0.3796694037049558,-0.3862987881348291,-0.3871089870288514,-0.38016677777803864,-0.39503536919539556,-0.3856558651684141,0.005594064892488044,7,-0.2749731635314385,-0.2755456084886894,-0.2781128667292424,-0.2740293172241754,-0.28085676950484695,-0.2767035450956785,0.0024787897334035748,5,0.7188944535950403,0.7137567618833751,0.709762882871426,0.7107908776570886,0.7085438478689192,0.7123497647751699,0.0036991805346470283,7
70.68245892524719,5.549325791718117,2.500390148162842,0.4189892506835974,0.8908088595534959,0.10287212602939473,10,6,948,0.028476716659445466,3.920270926401697,0.7077649335194086,-0.3942614221298997,-0.39822105915005995,-0.401491693753139,-0.394188443020192,-0.4080612065483991,-0.39924476492033795,0.005181243136346554,18,-0.28625036803941634,-0.2853681178278892,-0.2896501484488514,-0.2845760617898765,-0.29064562416297074,-0.2872980640538008,0.0024070777047790985,18,0.6968714916359549,0.6958155626157011,0.6877952017212833,0.6890636913168215,0.6890060915351788,0.6917104077649879,0.0038245615608577645,18
46.13293604850769,12.488644326874008,1.9086013317108155,0.6166894782415429,0.5464753133486645,0.01577341114577733,4,20,1436,0.0015655853232456832,0.3839432031830244,0.6987504251354405,-0.38533943104687585,-0.39192744924034795,-0.3941842215076335,-0.38534457519897475,-0.40273914228819857,-0.3919069638564061,0.006460957262428826,15,-0.27984313118129633,-0.2811357014660219,-0.2845569404733738,-0.2799239775994047,-0.2875855321165438,-0.28260905656732815,0.0030196134905977074,15,0.7104356329218835,0.7053544361361656,0.6990565354960003,0.7028592858656458,0.697065354094045,0.702954248902748,0.0047246645477697505,15
