experiment,model,family,feature set,settings,RMSE (log),RMSE std,R²,MAE ($),within ±25% (%),fit time (s)
S6-01,XGBoost,boosting ensemble,listing,defaults,0.3929116200441066,0.006691773601252181,0.7014246903523024,49.93651593022284,57.005742078541424,8.443845840007999
S6-02,Random Forest,bagging ensemble,listing,"200 trees, max_features=1/3",0.3930658579364461,0.007749139051053351,0.7012002597205477,50.015375969995546,57.34140194545522,32.26746825997252
S6-03,Linear Regression,linear,listing,defaults,0.4167631908924716,0.006913838244427222,0.6640540854486838,53.419418758303564,53.55641615744421,4.4720510999904945
S6-04,Ridge,linear,listing,defaults,0.4171926619997155,0.006997247554482969,0.6633648513066523,53.508888420455925,53.487261400412606,7.154356059990823
S6-05,KNN,instance-based,listing,defaults,0.44715764584302536,0.007867280952877106,0.6132840301678543,56.38175238833209,50.552372908775894,2.577292939997278
S6-06,Mean baseline,baseline,listing,defaults,0.7191185410486295,0.00900024655841566,-0.00015247230010526636,88.6457472850494,28.763455607273006,2.417708780011162
S6-07,Linear Regression,linear,full,defaults,0.40735518407818905,,0.6790514430099869,52.63227202726542,,
S6-08,Random Forest,bagging ensemble,full,defaults,0.3789980205943405,,0.7222026674424505,48.53933168236571,,
S6-09,XGBoost,boosting ensemble,full,defaults,0.3774524149963116,,0.7244541048456007,48.1689525655069,,
