,experiment,question,CV RMSE,RMSE std,R²,MAE ($),within ±25% (%),fit time (s),Δ RMSE vs reference,verdict
"reference: tuned, listing features",S7-01,–,0.38343314533608036,0.006957968559674397,0.7156617757064796,48.61660445167202,58.41415124658406,27.850446159997954,0.0,reference
− ratio features,S7-02,Are the capacity ratios useful?,0.3828050494236083,0.00687362400273686,0.7165992705737458,48.55034341123195,58.17294949557223,15.07793427996803,-0.0006280959124720376,no meaningful change (|Δ| ≤ 0.002)
− dist_centre_km,S7-03,Is distance to the centre useful?,0.3845830428327048,0.0070997543689598425,0.713960020847838,48.81028629870648,58.22017300588236,12.602007740014233,0.001149897496624419,no meaningful change (|Δ| ≤ 0.002)
− neighbourhood target encoding,S7-04,Is the encoded neighbourhood useful?,0.3831024712653772,0.006274067607482812,0.7161518944464872,48.652402243104824,58.42089760458985,47.57084999999497,-0.0003306740707031408,no meaningful change (|Δ| ≤ 0.002)
− amenity flags (keep count),S7-05,Are the 53 amenity flags useful?,0.39629173039326177,0.007514544763865553,0.6962760816079139,50.39682882460195,56.60936356710348,14.989544140012004,0.012858585057181404,worse → keep the feature / choice as is
− all engineered features,S7-06,Is feature engineering useful overall?,0.40021559635882636,0.006964015664654622,0.6902294948139638,50.90194067244623,56.05949435131386,11.285120619996452,0.016782451022746003,worse → keep the feature / choice as is
full feature set (+ host & history),S7-07,How much do post-listing features add?,0.36315098157296666,0.0059590907107120224,0.7449499444242867,46.112731634422744,61.1027795344912,34.669282120000574,-0.020282163763113703,better
amenity vocabulary ≥ 1% of listings,S7-08,More amenity flags?,0.3831493635704013,0.007054236200053342,0.7160857152268042,48.66595477212253,58.36185520108328,17.48396632000804,-0.00028378176567905866,no meaningful change (|Δ| ≤ 0.002)
amenity vocabulary ≥ 5% of listings,S7-09,Fewer amenity flags?,0.38299661846311855,0.00688906237053092,0.7163130687713017,48.678308098996226,58.32812412229032,20.18039714002516,-0.0004365268729618066,no meaningful change (|Δ| ≤ 0.002)
feature selection: top 20 of 90,S7-10,Does removing weak features help?,0.4045092607473224,0.006555029500160118,0.6835418951980345,51.40504694498934,55.74241040414237,16.12555029997602,0.021076115411242047,worse → keep the feature / choice as is
feature selection: top 40 of 90,S7-11,Does removing weak features help?,0.3877288451203017,0.007121762519864721,0.7092510950043404,49.17371181617065,57.90307070882193,20.381910279975273,0.004295699784221341,worse → keep the feature / choice as is
average of XGBoost and Random Forest,S7-12,Does averaging models help?,0.3841680189851703,0.007468872976062737,0.7145727178047524,48.792260580865076,58.36017170545845,,0.0007348736490899177,no meaningful change (|Δ| ≤ 0.002)
