model,fold,RMSE (log),MAE (log),R²,MAE ($),MedAE ($),MAPE (%),within ±25% (%),train RMSE (log),train R²,fit time (s),predict time (s)
Mean baseline,1,0.7161310075249337,0.5602741176098058,-9.941038638272559e-05,88.59242223287146,50.21205570094986,61.796587162048745,29.009951087873166,0.7198971541897783,0.0,2.690937599982135,0.2626312000211328
Mean baseline,2,0.7220446876679668,0.5617123136639965,-3.8451438556963424e-05,88.93098787678743,50.275557550318155,62.84200769843875,29.52437173216394,0.718417708320458,0.0,2.2084313000086695,0.2947905999608338
Mean baseline,3,0.718587860066673,0.5641998878524229,-0.00010637495130527697,88.18497947414382,50.55948995713341,63.2778893744969,28.371426161760986,0.7192849292314492,0.0,2.4745634000282735,0.30722240009345114
Mean baseline,4,0.7070437793956982,0.5552878820858915,-0.0003599017635209645,85.51604463115565,50.703042014325575,62.73620562787463,29.13047145146327,0.7221435339859329,0.0,2.5657783000497147,0.3087539999978617
Mean baseline,5,0.7317853705878755,0.5709822292393973,-0.00015822296076040132,92.00430221028863,51.83713714531925,63.201067877274156,27.781057603103655,0.715951933990121,0.0,2.148833299987018,0.3004202999873087
Linear Regression,1,0.40842600685715225,0.29971337381260404,0.674699305174111,52.87551547787746,24.24183888128333,31.024812863464323,53.71900826446281,0.4158174494313669,0.6663704521983265,2.461951500037685,0.3093740999465808
Linear Regression,2,0.41729430808237583,0.30247902404478927,0.6659792347530488,53.71384655364877,24.589505471417134,31.252100636874918,54.14909765559116,0.4132112534220462,0.6691811681799931,2.729280299972743,0.2773350999923423
Linear Regression,3,0.4186625882931796,0.3045978132046751,0.6605195635011573,53.163759164372244,24.734476944129,31.571297767261612,52.97292738466729,0.4134810642635745,0.6695472813853391,2.47893599991221,0.37836100009735674
Linear Regression,4,0.4126326766779164,0.30145148897661994,0.65928527911838,51.227069671633565,24.661864826091232,31.523558526248035,53.42835455848866,0.41473791814884986,0.6701621942031318,6.78968020004686,1.0573587999679148
Linear Regression,5,0.426800374551734,0.3085091538599483,0.6597870446967222,56.11690292398579,24.731856500378626,32.502805482482415,53.51269292401113,0.41088302873331944,0.6706416535680625,7.900407499982975,0.8775790999643505
Ridge,1,0.4089997361357292,0.30036123346023613,0.6737847423616415,52.98561981047382,24.277898864569785,31.10639157081921,53.626243885984145,0.4161011587759394,0.6659150306604044,5.83431509998627,0.7210212000645697
Ridge,2,0.4176427358949333,0.302953658693767,0.665421207911743,53.79570053197813,24.609110067849578,31.29909927117145,54.08163265306123,0.4135479524246994,0.6686418229875859,5.639701799955219,0.8126470999559388
Ridge,3,0.41925586171353274,0.3052206076861466,0.6595567479668947,53.260968744504474,24.785147755558796,31.651897711606097,52.837985999831325,0.41378150417151355,0.6690668857283425,5.840013299952261,0.8723981999792159
Ridge,4,0.412679486199296,0.30153873611602866,0.6592079726008311,51.29158190178062,24.61564167635595,31.545176908953593,53.66450198195159,0.41506049319704447,0.6696489118705029,5.841484900098294,0.9469939999980852
Ridge,5,0.4273854900550862,0.309182146045692,0.6588535856921514,56.2105711135426,24.870100148449907,32.5900831221343,53.22594248123471,0.4111403545894116,0.6702289864501847,12.616265199962072,0.7934517000103369
KNN,1,0.4409320090159483,0.3245978584718003,0.6208583738090427,56.11555487927987,26.9261705159855,34.51102620639675,50.96137628605161,0.3634345516129764,0.7451342289490307,4.041509100003168,3.4769964000442997
KNN,2,0.44652828272816514,0.3240862115970967,0.6175395878948915,56.161244277519366,26.555865723433463,34.168595396491305,51.61072693540226,0.3626636082990745,0.7451680374098715,2.3901166000869125,1.01850119989831
KNN,3,0.4528705331088549,0.3309527937982973,0.60277683212472,56.21114808737144,27.440691050705055,35.48486386039484,49.67529729273847,0.36136256591597105,0.7476028765675948,2.154708099900745,1.1213564000790939
KNN,4,0.4383710183079601,0.3243115415121933,0.6154548552395662,54.243656902140366,26.808372997300495,34.5634075048377,50.628320823142445,0.3663589528890267,0.7426248787603934,2.12775490002241,0.9826489000115544
KNN,5,0.4570863860541983,0.3326286094762106,0.6097905017710508,59.1771577953494,26.564761689010226,35.880793435232974,49.88614320654466,0.3616727084494997,0.7448099460197412,2.1723759999731556,0.9223455999745056
Random Forest,1,0.38615600551121604,0.2784162792982965,0.7092070983837642,49.662879854884906,22.261644586743714,28.702321321218545,57.58137965930173,0.17732670811108556,0.9393253345634165,7.803114300011657,1.1079185999697074
Random Forest,2,0.3935407051748317,0.2800650830844568,0.702923797493677,50.03399396380069,22.373880556334626,28.863032876929672,57.404284027660644,0.17801413217009607,0.938601903748916,46.818859299994074,1.4951346999732777
Random Forest,3,0.3954026682694709,0.28307976080066843,0.6971931919620703,49.94391969505599,22.368262643372333,29.224021517432668,56.759719996626465,0.17692001945766864,0.9395004652078799,54.36379509989638,1.8193765999749303
Random Forest,4,0.3856712590364533,0.2776698528623221,0.7023552579279593,47.969139598264576,22.280413232664017,28.96948570398461,57.45972843046302,0.17889995677755277,0.938627556132288,27.365793999982998,0.5932643000269309
Random Forest,5,0.4045586516902587,0.28597324153283077,0.6943219528352678,52.46694673797157,22.27160360346039,29.911299650280903,57.50189761322425,0.17605467898011623,0.9395317485552659,24.985778599977493,0.5558127999538556
XGBoost,1,0.3880323620107996,0.28185092501189707,0.7063742703487601,49.91070853336608,22.455002738341932,29.174311093495355,57.050092764378476,0.33204729937174227,0.7872551816264637,8.348839899990708,0.7658493999624625
XGBoost,2,0.3914435223403062,0.28073548160313,0.7060816058509449,49.70491421868897,22.424461731809412,29.077876733681112,57.53078090740429,0.3283654022844476,0.7910892795928661,9.566357900039293,0.9959167999913916
XGBoost,3,0.39579242980650914,0.2844753970655331,0.6965959242867389,50.08379828055595,23.02525225471753,29.6524238615348,56.83562452559669,0.32944512131000026,0.7902199235462471,9.482414899975993,1.0857216999866068
XGBoost,4,0.3863127465338978,0.27894926476519544,0.7013642887137741,47.77916567674715,22.633572539932914,29.61244811098438,56.77658766973096,0.33162818142221256,0.789110088402982,6.935685800039209,0.7038692999631166
XGBoost,5,0.4029770395290202,0.28744218797712373,0.6967073625612941,52.20399294175604,22.81024137893661,30.2772438107873,56.83562452559669,0.32758761951761983,0.7906431249777721,7.885930699994788,0.7466863000299782
