mean_fit_time,std_fit_time,mean_score_time,std_score_time,param_model__l2_regularization,param_model__learning_rate,param_model__max_features,param_model__max_iter,param_model__max_leaf_nodes,param_model__min_samples_leaf,split0_test_RMSE,split1_test_RMSE,split2_test_RMSE,split3_test_RMSE,split4_test_RMSE,mean_test_RMSE,std_test_RMSE,rank_test_RMSE,split0_test_MAE,split1_test_MAE,split2_test_MAE,split3_test_MAE,split4_test_MAE,mean_test_MAE,std_test_MAE,rank_test_MAE,split0_test_R2,split1_test_R2,split2_test_R2,split3_test_R2,split4_test_R2,mean_test_R2,std_test_R2,rank_test_R2
3.3679316520690916,0.1315391475737182,0.3602783203125,0.021233150717587888,0.03148911647956861,0.18214744423753768,0.839196365086843,220,117,92,-0.3849344034058209,-0.3897874530423304,-0.3920192655470616,-0.38510410567212194,-0.4001619019354245,-0.3904014259205519,0.005589475767551043,10,-0.2790184953489894,-0.2792418785077914,-0.2827697197099018,-0.2800947309361648,-0.2859083328770973,-0.28140663147598893,0.0026166298033525434,11,0.7110440312645254,0.7085632899901946,0.7023531675412142,0.7032300241438674,0.7009300756467873,0.7052241177173177,0.0038904762320762436,10
4.5478452205657955,0.3598452927272107,0.36950225830078126,0.018317212180241276,0.002511306167739001,0.07169690872413222,0.6002251666834131,330,36,62,-0.38247914359468504,-0.38814654579854385,-0.39129023741055724,-0.38271984675345205,-0.39756884858628316,-0.38844092442870426,0.005653278750461746,3,-0.27672478165060244,-0.27772788969951945,-0.2821820159595615,-0.27720351348696237,-0.2835042890382239,-0.27946849796697393,0.0028049470771130285,5,0.7147184202521688,0.7110118758055193,0.7034591904670608,0.7068933768604855,0.7047934700744318,0.7081752666919332,0.0041516352112636904,3
3.305475282669067,0.29246371018912976,0.3397967338562012,0.009972696392013184,7.579479953348009,0.14553854298843344,0.5274034664069657,391,74,30,-0.384457055594491,-0.38887328525352194,-0.39074570275885256,-0.3837335405340521,-0.3998404886969312,-0.38953001456756975,0.00578876656821416,8,-0.27841707843255253,-0.2784587558873077,-0.2820215492774193,-0.27840162904385624,-0.28470872278922715,-0.28040154708607257,0.00256469862916475,8,0.7117602414793287,0.7099286989130206,0.7042839715239836,0.7053386425111459,0.7014103134118527,0.7065443735678663,0.003783667918260607,8
4.4170270442962645,0.14023076609731316,0.3526606559753418,0.017452419113323913,0.29507066707905333,0.09573431630308055,0.40423978313183045,760,105,68,-0.38257066189952976,-0.388248984266408,-0.38991195826967867,-0.38207555050151504,-0.3982339883735987,-0.38820822866214605,0.005878981439186305,2,-0.27745853961923367,-0.2777938282342663,-0.2806892354574196,-0.27671260029960265,-0.2835765939691809,-0.2792461595159407,0.002551819118833041,3,0.7145818815122451,0.7108593179253717,0.7055445794871853,0.7078794168635655,0.703804872196226,0.7085340135969187,0.0038396285786168652,2
7.6861279010772705,0.5179386497125105,0.39940314292907714,0.021144203911885807,0.039759772143180966,0.03277702274869302,0.9842533113048755,389,76,56,-0.3831693545810221,-0.387569600074153,-0.39044385650819174,-0.3830244480915937,-0.3985664505795596,-0.38855474196690404,0.005733412862981187,6,-0.2776736339084331,-0.277070060577704,-0.2815902801895426,-0.27758290014093456,-0.283924774782864,-0.2795683299198956,0.002714407811150742,6,0.7136878691857631,0.7118703482014128,0.7047406690507918,0.7064266323266016,0.7033101138711528,0.7080071265271444,0.004060171255287186,6
4.356181049346924,0.8519768256804381,0.36995654106140136,0.01206185344885601,0.2975390947349387,0.06197763962309192,0.989938531484073,704,17,60,-0.38502837574548,-0.38955409699499227,-0.39501801343428994,-0.38558601235617057,-0.39943102410921394,-0.3909235045280293,0.005554449309278478,11,-0.27867658143710533,-0.27919957537171536,-0.2855531121139526,-0.27996431819883577,-0.28485350765885464,-0.28164941895609275,0.0029388455471565963,12,0.7109029309488488,0.7089121373461711,0.6977820572235113,0.7024868229403409,0.7020215536639324,0.7044211004245609,0.004811646043604267,11
4.61788420677185,0.6908874350607043,0.395595645904541,0.03002773274258739,0.5262961031076743,0.0705166262783807,0.40795897669591996,515,28,18,-0.3832077149651332,-0.389690556589015,-0.3914751793421062,-0.3830259059722929,-0.3986237340140521,-0.3892046181765199,0.005800873381442845,7,-0.27786585529443997,-0.2790185507207488,-0.2823403240709645,-0.2776712058053167,-0.284052863443386,-0.28018975986697126,0.002555929323182039,7,0.7136305389585031,0.7087081672733676,0.7031788063149036,0.7064243975044475,0.7032248250218092,0.7070333470146062,0.003900284803061988,7
5.90740385055542,0.9632665193879942,0.3731693267822266,0.010608040523461882,0.001158417231054399,0.04648969488407204,0.5446152796156071,654,58,17,-0.38129386603056425,-0.3878899248929831,-0.39215504697396525,-0.3828698687901659,-0.39808832593902976,-0.3884594065253416,0.006152821456952006,4,-0.2760437701580617,-0.27742075683637457,-0.2829708123892558,-0.27733184607262573,-0.28346751611031223,-0.279446940313326,0.003122284880718781,4,0.7164838180688212,0.7113938752310758,0.702146943437882,0.7066635425766693,0.7040215117306664,0.7081419382090229,0.005201261083737626,5
2.782587432861328,0.3418534780361698,0.313689661026001,0.030027164701106435,0.0013726318898045872,0.16839076979463405,0.5552679889600102,587,16,15,-0.38654044170007323,-0.3934303819419661,-0.3943132410242939,-0.389889339965234,-0.40090147679270566,-0.3930149762848546,0.00481132297702052,14,-0.2801741923082546,-0.28215250822541615,-0.2847403699363617,-0.2830231816376945,-0.2859444150912974,-0.28320693343980485,0.0020093944017910135,14,0.708627814571193,0.703090335860511,0.6988595010512111,0.6958089819674087,0.6998235785463494,0.7012420423993346,0.004362854751832273,14
4.308186149597168,0.4289880241849743,0.3490173816680908,0.014660247794407118,0.00678838791242122,0.08807537826254141,0.4187879754733352,601,104,53,-0.3833593119044213,-0.3888151831549867,-0.3898996757096439,-0.38135851492630274,-0.39887714781012873,-0.3884619667010967,0.00611823307305879,5,-0.2776962252789459,-0.2777044142474736,-0.2804408283257017,-0.2758944028065116,-0.28379190283894795,-0.27910555469951615,0.002757017047561518,2,0.7134039186732601,0.7100153723508003,0.7055631303899687,0.7089748248478495,0.7028473721880039,0.7081609236899765,0.00364891136967827,4
3.2646889686584473,0.15038482881435697,0.3640717029571533,0.027886745826270796,5.727904470799623,0.1638239263363041,0.7587399872866512,470,86,87,-0.38473229884014654,-0.3894945973421503,-0.39188541443132074,-0.3842679142772528,-0.4003132690821668,-0.3901386987946075,0.005842654089536493,9,-0.2792802473385698,-0.2786113274121336,-0.2829254974191117,-0.2783862733217695,-0.28569741201595183,-0.2809801515015073,0.002872842607633306,9,0.7113473764015659,0.7090010508204576,0.7025563899977253,0.7045174011441453,0.7007037776268666,0.7056251991981523,0.003975044222206597,9
10.341200685501098,1.040877165105688,0.41733269691467284,0.021146765175979403,0.006080390190296602,0.03268770375788529,0.5951981984579586,537,125,62,-0.38174846046022515,-0.3864313491887469,-0.3885098547424464,-0.3802418975410175,-0.3961894739644187,-0.38662420717937096,0.005649672061189014,1,-0.276347983181686,-0.27591103769173436,-0.2796088289390724,-0.27502736892932916,-0.2820320950887952,-0.2777854627661234,0.0026285147445791646,1,0.715807375463926,0.7135602755521777,0.7076584652946785,0.7106765727339895,0.7068383687191888,0.710908211552792,0.003412136528913408,1
2.8053919792175295,0.1740724818414853,0.3188351631164551,0.043184724311487524,0.2223333760592037,0.1872421156663422,0.7642205486120108,692,55,38,-0.3861097243384054,-0.39032884120523353,-0.3953484097337919,-0.3854373435816937,-0.40081406112961293,-0.3916076759977475,0.005808382030821057,13,-0.2796419325683247,-0.2798419547655838,-0.28579754281118214,-0.27945670881655954,-0.2862293865825303,-0.2821935051088361,0.003124349289736984,13,0.7092767978308705,0.7077531563807402,0.6972762906765464,0.7027162005165104,0.699954469858282,0.7033953830525899,0.004545892480214349,13
5.091868877410889,0.05983885306046341,0.3775907039642334,0.01707092949683764,1.6172900811143154,0.03455764840117075,0.9921321619603104,543,15,17,-0.3870969389026312,-0.3924779967067775,-0.39587724095042837,-0.3862983222585818,-0.4042884739638007,-0.39320779455644395,0.00656541498059359,15,-0.28059965054702407,-0.28176994662297694,-0.2862694916647201,-0.2805205960635855,-0.2891268795972787,-0.283657312899117,0.003449350106763042,15,0.7077882412193583,0.7045260669923084,0.6964658823670429,0.7013865894187759,0.6947301004408601,0.7009793760876691,0.004868892176410305,15
3.099042367935181,0.2280818899007104,0.33724656105041506,0.022251998176703078,0.0010521761868451127,0.14092467876461484,0.8241144063085704,618,47,14,-0.38536612438267287,-0.39039430399925695,-0.39374422030040823,-0.38520660089958625,-0.4011948880416312,-0.3911812275247111,0.005949338877783103,12,-0.27921689037149033,-0.2793861816115131,-0.28376022884928337,-0.27839838745527906,-0.28584331907200455,-0.28132100147191413,0.002936449242876709,10,0.710395513972301,0.7076551216101516,0.6997280062309378,0.7030720328187559,0.6993840323038145,0.7040469413871921,0.004351314907251335,12
